timestamp,model_uuid,engine_type,delta_threshold,calculated_delta_r2,statistical_outcome,operational_outcome,full_mean_cv_r2,restricted_mean_cv_r2,delta_std_cv_r2,full_mean_cv_mae_km,restricted_mean_cv_mae_km,model_parameters
10/04/26 20:41,47096e74-a06e-4e5d-aaba-851469d94bf8,RF,0.05,0.517783982,H1_stat,H0_ops,0.850826452,0.33304247,0.002566341,1.044221977,2.409056358,"{""n_estimators"": 150, ""max_depth"": 25, ""min_samples_split"": 5, ""random_state"": 42, ""n_jobs"": -1}"
10/04/26 20:45,ddbbb103-a46d-4f88-a721-f05cef295ddf,RF,0.05,0.510631052,H1_stat,H0_ops,0.852428484,0.341797433,0.002556172,1.041678083,2.392607233,"{""n_estimators"": 150, ""max_depth"": 25, ""min_samples_split"": 10, ""random_state"": 42, ""n_jobs"": -1}"
10/04/26 20:58,e7aa49fa-fb1b-44a3-a087-7ba9e11bcc9f,XGBOOST,0.05,0.491761761,H1_stat,H0_ops,0.854792785,0.363031024,0.002799701,1.036000616,2.346134452,"{""n_estimators"": 150, ""max_depth"": 8, ""learning_rate"": 0.05, ""min_samples_leaf"": 2, ""random_state"": 42}"
10/04/26 21:15,c4dcd1ea-81a7-4f6f-8063-1c0e4942422e,XGBOOST,0.05,0.491703718,H1_stat,H0_ops,0.854941079,0.363237361,0.002824496,1.034076898,2.345899472,"{""n_estimators"": 200, ""max_depth"": 8, ""learning_rate"": 0.04, ""min_samples_leaf"": 2, ""random_state"": 42}"
2026-10-06 13:53:55,72930263-7918-4aa3-b996-81301833cc6f,KERAS_WIDE_DEEP,0.05,0.5758983612060546,H1_stat,H0_ops,0.8272244691848755,0.2513261079788208,0.05984520337945814,1.1761656761169434,2.4975892815229748e+16,"{""epochs"": 100, ""batch_size"": 64, ""learning_rate"": 0.001, ""patience"": 10, ""restore_best_weights"": true}"
2026-10-06 14:06:54,4dfc07e8-96a7-485a-8506-bbda11b14bc1,KERAS_RESNET,0.05,0.5821669816970826,H1_stat,H0_ops,0.8233820080757142,0.2412150263786316,0.026673236752030177,1.2706912994384765,77257.69768161773,"{""epochs"": 100, ""batch_size"": 64, ""learning_rate"": 0.001, ""patience"": 10, ""restore_best_weights"": true}"
2026-10-06 20:54:20,eee690bd-08dd-4802-a34c-f61dfa612189,KERAS_FT_TRANSFORMER,0.05,0.6942184209823608,H1_stat,H0_ops,0.705587875843048,0.011369454860687255,0.022606181188891218,1.6288756608963013,2.7533726692199707,"{""epochs"": 100, ""batch_size"": 64, ""learning_rate"": 0.001, ""patience"": 10, ""restore_best_weights"": true}"
2026-10-06 22:18:02,e0918fb9-a4c8-429c-85e2-c4a1d5cf92b4,KERAS_FT_TRANSFORMER,0.05,0.5357174396514892,H1_stat,H0_ops,0.8412006258964538,0.3054831862449646,0.01440672080561955,1.0799776792526246,2.410577630996704,"{""epochs"": 100, ""batch_size"": 64, ""learning_rate"": 0.001, ""patience"": 10, ""restore_best_weights"": true}"
2026-10-06 23:19:03,0176ee3f-4e3b-4e64-a995-0499c1009f50,KERAS_GATED_RESNET,0.05,0.5813114166259766,H1_stat,H0_ops,0.7698833227157593,0.18857190608978272,0.11756531950235859,30.986532616615296,662385.4242382527,"{""epochs"": 100, ""batch_size"": 512, ""learning_rate"": 0.0005, ""patience"": 10, ""restore_best_weights"": true, ""hidden_dim"": 256, ""num_blocks"": 3}"
