timestamp,model_uuid,engine_name,fold_id,target_col,target_raw_name,features_full_subset,features_restricted_subset,source_total_rows,delta_threshold,full_model_r2,restricted_model_r2,delta_r2,full_model_mae_km,restricted_model_mae_km,model_parameters
2026-10-07 17:56:02,84574160-1354-41ab-8f95-f73f52188521,RF,1,diameter_log,diameter,"[""a"", ""e"", ""i"", ""H""]","[""a"", ""e"", ""i""]",139203,0.05,0.8491836831887385,0.3318918516695175,0.517291831519221,1.0572798254470617,2.4290759275991727,"{'n_estimators': 150, 'max_depth': 25, 'min_samples_split': 5, 'random_state': 42, 'n_jobs': -1}"
2026-10-07 17:56:02,84574160-1354-41ab-8f95-f73f52188521,RF,2,diameter_log,diameter,"[""a"", ""e"", ""i"", ""H""]","[""a"", ""e"", ""i""]",139203,0.05,0.8514274774549653,0.335988584087333,0.5154388933676323,1.0563500558123315,2.425480384146594,"{'n_estimators': 150, 'max_depth': 25, 'min_samples_split': 5, 'random_state': 42, 'n_jobs': -1}"
2026-10-07 17:56:02,84574160-1354-41ab-8f95-f73f52188521,RF,3,diameter_log,diameter,"[""a"", ""e"", ""i"", ""H""]","[""a"", ""e"", ""i""]",139203,0.05,0.8513103579560329,0.3325398534563484,0.5187705044996845,1.006575693647256,2.3733399756203277,"{'n_estimators': 150, 'max_depth': 25, 'min_samples_split': 5, 'random_state': 42, 'n_jobs': -1}"
2026-10-07 17:56:02,84574160-1354-41ab-8f95-f73f52188521,RF,4,diameter_log,diameter,"[""a"", ""e"", ""i"", ""H""]","[""a"", ""e"", ""i""]",139203,0.05,0.8473327290346241,0.3321052371431714,0.5152274918914527,1.0432665628917295,2.3794142174622617,"{'n_estimators': 150, 'max_depth': 25, 'min_samples_split': 5, 'random_state': 42, 'n_jobs': -1}"
2026-10-07 17:56:02,84574160-1354-41ab-8f95-f73f52188521,RF,5,diameter_log,diameter,"[""a"", ""e"", ""i"", ""H""]","[""a"", ""e"", ""i""]",139203,0.05,0.8548736614539706,0.33268158271159787,0.5221920787423727,1.0578023988726506,2.4377288918000843,"{'n_estimators': 150, 'max_depth': 25, 'min_samples_split': 5, 'random_state': 42, 'n_jobs': -1}"
2026-10-07 18:00:25,e3cff18c-170f-486e-a480-8d58ec95a8df,XGBOOST,1,diameter_log,diameter,"[""a"", ""e"", ""i"", ""H""]","[""a"", ""e"", ""i""]",139203,0.05,0.8527273215418478,0.35818839457363116,0.49453892696821666,1.0571930608932292,2.37599843580622,"{'n_estimators': 150, 'max_depth': 8, 'learning_rate': 0.05, 'min_samples_leaf': 2, 'random_state': 42}"
2026-10-07 18:00:25,e3cff18c-170f-486e-a480-8d58ec95a8df,XGBOOST,2,diameter_log,diameter,"[""a"", ""e"", ""i"", ""H""]","[""a"", ""e"", ""i""]",139203,0.05,0.8547072030268879,0.360596953708724,0.49411024931816383,1.0372275251656828,2.3681514200170573,"{'n_estimators': 150, 'max_depth': 8, 'learning_rate': 0.05, 'min_samples_leaf': 2, 'random_state': 42}"
2026-10-07 18:00:25,e3cff18c-170f-486e-a480-8d58ec95a8df,XGBOOST,3,diameter_log,diameter,"[""a"", ""e"", ""i"", ""H""]","[""a"", ""e"", ""i""]",139203,0.05,0.8557249187579157,0.3659450888405935,0.48977982991732216,0.9994626711323221,2.3053605139623428,"{'n_estimators': 150, 'max_depth': 8, 'learning_rate': 0.05, 'min_samples_leaf': 2, 'random_state': 42}"
2026-10-07 18:00:25,e3cff18c-170f-486e-a480-8d58ec95a8df,XGBOOST,4,diameter_log,diameter,"[""a"", ""e"", ""i"", ""H""]","[""a"", ""e"", ""i""]",139203,0.05,0.8524108634513744,0.36519500584843123,0.48721585760294317,1.0392961569633423,2.3132750149836596,"{'n_estimators': 150, 'max_depth': 8, 'learning_rate': 0.05, 'min_samples_leaf': 2, 'random_state': 42}"
2026-10-07 18:00:25,e3cff18c-170f-486e-a480-8d58ec95a8df,XGBOOST,5,diameter_log,diameter,"[""a"", ""e"", ""i"", ""H""]","[""a"", ""e"", ""i""]",139203,0.05,0.8583914773595782,0.3653157476650003,0.4930757296945779,1.0468174680590434,2.367635457211292,"{'n_estimators': 150, 'max_depth': 8, 'learning_rate': 0.05, 'min_samples_leaf': 2, 'random_state': 42}"
2026-10-07 18:14:13,cf899993-7716-4447-8eed-d01c77b004a3,KERAS_WIDE_DEEP,1,diameter_log,diameter,"[""a"", ""e"", ""i"", ""H""]","[""a"", ""e"", ""i""]",139203,0.05,0.8006144165992737,0.2561919689178467,0.544422447681427,1.2897268533706665,2.6151740550994873,"{'epochs': 100, 'batch_size': 64, 'learning_rate': 0.001, 'patience': 10, 'restore_best_weights': True, 'wide_dim': 1}"
2026-10-07 18:14:13,cf899993-7716-4447-8eed-d01c77b004a3,KERAS_WIDE_DEEP,2,diameter_log,diameter,"[""a"", ""e"", ""i"", ""H""]","[""a"", ""e"", ""i""]",139203,0.05,0.8272135257720947,-0.04037284851074219,0.8675863742828369,1.235000729560852,2.0491293636862762e+23,"{'epochs': 100, 'batch_size': 64, 'learning_rate': 0.001, 'patience': 10, 'restore_best_weights': True, 'wide_dim': 1}"
2026-10-07 18:14:13,cf899993-7716-4447-8eed-d01c77b004a3,KERAS_WIDE_DEEP,3,diameter_log,diameter,"[""a"", ""e"", ""i"", ""H""]","[""a"", ""e"", ""i""]",139203,0.05,0.8309290409088135,0.30829620361328125,0.5226328372955322,1.142503023147583,2.424088478088379,"{'epochs': 100, 'batch_size': 64, 'learning_rate': 0.001, 'patience': 10, 'restore_best_weights': True, 'wide_dim': 1}"
2026-10-07 18:14:13,cf899993-7716-4447-8eed-d01c77b004a3,KERAS_WIDE_DEEP,4,diameter_log,diameter,"[""a"", ""e"", ""i"", ""H""]","[""a"", ""e"", ""i""]",139203,0.05,0.7944313287734985,0.22295761108398438,0.5714737176895142,1.285602331161499,1686.2843017578125,"{'epochs': 100, 'batch_size': 64, 'learning_rate': 0.001, 'patience': 10, 'restore_best_weights': True, 'wide_dim': 1}"
2026-10-07 18:14:13,cf899993-7716-4447-8eed-d01c77b004a3,KERAS_WIDE_DEEP,5,diameter_log,diameter,"[""a"", ""e"", ""i"", ""H""]","[""a"", ""e"", ""i""]",139203,0.05,0.7732439041137695,0.2977917194366455,0.475452184677124,1.351410984992981,2.564561128616333,"{'epochs': 100, 'batch_size': 64, 'learning_rate': 0.001, 'patience': 10, 'restore_best_weights': True, 'wide_dim': 1}"
2026-10-07 18:23:41,e4ed8695-c3fb-4fb2-bf8f-fb9dbbe1313a,KERAS_RESNET,1,diameter_log,diameter,"[""a"", ""e"", ""i"", ""H""]","[""a"", ""e"", ""i""]",139203,0.05,0.8165526986122131,0.08754676580429077,0.7290059328079224,1.2891868352890015,2.860136032104492,"{'epochs': 100, 'batch_size': 512, 'learning_rate': 0.0005, 'patience': 10, 'restore_best_weights': True, 'hidden_dim': 256, 'num_blocks': 3}"
2026-10-07 18:23:41,e4ed8695-c3fb-4fb2-bf8f-fb9dbbe1313a,KERAS_RESNET,2,diameter_log,diameter,"[""a"", ""e"", ""i"", ""H""]","[""a"", ""e"", ""i""]",139203,0.05,0.8173431754112244,0.2983834743499756,0.5189597010612488,1.3275718688964844,2.472562074661255,"{'epochs': 100, 'batch_size': 512, 'learning_rate': 0.0005, 'patience': 10, 'restore_best_weights': True, 'hidden_dim': 256, 'num_blocks': 3}"
2026-10-07 18:23:41,e4ed8695-c3fb-4fb2-bf8f-fb9dbbe1313a,KERAS_RESNET,3,diameter_log,diameter,"[""a"", ""e"", ""i"", ""H""]","[""a"", ""e"", ""i""]",139203,0.05,0.8092767596244812,0.2518882751464844,0.5573884844779968,1.2853655815124512,2.4198591709136963,"{'epochs': 100, 'batch_size': 512, 'learning_rate': 0.0005, 'patience': 10, 'restore_best_weights': True, 'hidden_dim': 256, 'num_blocks': 3}"
2026-10-07 18:23:41,e4ed8695-c3fb-4fb2-bf8f-fb9dbbe1313a,KERAS_RESNET,4,diameter_log,diameter,"[""a"", ""e"", ""i"", ""H""]","[""a"", ""e"", ""i""]",139203,0.05,0.8102590441703796,0.30160683393478394,0.5086522102355957,1.3005313873291016,31.45549201965332,"{'epochs': 100, 'batch_size': 512, 'learning_rate': 0.0005, 'patience': 10, 'restore_best_weights': True, 'hidden_dim': 256, 'num_blocks': 3}"
2026-10-07 18:23:41,e4ed8695-c3fb-4fb2-bf8f-fb9dbbe1313a,KERAS_RESNET,5,diameter_log,diameter,"[""a"", ""e"", ""i"", ""H""]","[""a"", ""e"", ""i""]",139203,0.05,0.8408879637718201,0.30385029315948486,0.5370376706123352,1.1640996932983398,2.4146385192871094,"{'epochs': 100, 'batch_size': 512, 'learning_rate': 0.0005, 'patience': 10, 'restore_best_weights': True, 'hidden_dim': 256, 'num_blocks': 3}"
2026-10-07 18:40:49,4aaa9038-4c06-4413-8ad5-ac3601e9da87,KERAS_FT_TRANSFORMER,1,diameter_log,diameter,"[""a"", ""e"", ""i"", ""H""]","[""a"", ""e"", ""i""]",139203,0.05,0.8290281295776367,0.3032492399215698,0.5257788896560669,1.162651777267456,2.4383020401000977,"{'epochs': 100, 'batch_size': 512, 'learning_rate': 0.0003, 'patience': 10, 'restore_best_weights': True, 'embedding_dim': 16, 'num_heads': 2, 'dropout_rate': 0.05}"
2026-10-07 18:40:49,4aaa9038-4c06-4413-8ad5-ac3601e9da87,KERAS_FT_TRANSFORMER,2,diameter_log,diameter,"[""a"", ""e"", ""i"", ""H""]","[""a"", ""e"", ""i""]",139203,0.05,0.8307802677154541,0.3086922764778137,0.5220879912376404,1.151681900024414,2.4486777782440186,"{'epochs': 100, 'batch_size': 512, 'learning_rate': 0.0003, 'patience': 10, 'restore_best_weights': True, 'embedding_dim': 16, 'num_heads': 2, 'dropout_rate': 0.05}"
2026-10-07 18:40:49,4aaa9038-4c06-4413-8ad5-ac3601e9da87,KERAS_FT_TRANSFORMER,3,diameter_log,diameter,"[""a"", ""e"", ""i"", ""H""]","[""a"", ""e"", ""i""]",139203,0.05,0.822313666343689,0.30805128812789917,0.5142623782157898,1.132084608078003,2.3784000873565674,"{'epochs': 100, 'batch_size': 512, 'learning_rate': 0.0003, 'patience': 10, 'restore_best_weights': True, 'embedding_dim': 16, 'num_heads': 2, 'dropout_rate': 0.05}"
2026-10-07 18:40:49,4aaa9038-4c06-4413-8ad5-ac3601e9da87,KERAS_FT_TRANSFORMER,4,diameter_log,diameter,"[""a"", ""e"", ""i"", ""H""]","[""a"", ""e"", ""i""]",139203,0.05,0.8222779631614685,0.3161320090293884,0.5061459541320801,1.1491472721099854,2.384248733520508,"{'epochs': 100, 'batch_size': 512, 'learning_rate': 0.0003, 'patience': 10, 'restore_best_weights': True, 'embedding_dim': 16, 'num_heads': 2, 'dropout_rate': 0.05}"
2026-10-07 18:40:49,4aaa9038-4c06-4413-8ad5-ac3601e9da87,KERAS_FT_TRANSFORMER,5,diameter_log,diameter,"[""a"", ""e"", ""i"", ""H""]","[""a"", ""e"", ""i""]",139203,0.05,0.8358083963394165,0.3156508207321167,0.5201575756072998,1.122151494026184,2.4579856395721436,"{'epochs': 100, 'batch_size': 512, 'learning_rate': 0.0003, 'patience': 10, 'restore_best_weights': True, 'embedding_dim': 16, 'num_heads': 2, 'dropout_rate': 0.05}"
2026-10-07 18:53:26,129c0668-6239-4004-8cd6-dca23bfdfa78,KERAS_GATED_RESNET,1,diameter_log,diameter,"[""a"", ""e"", ""i"", ""H""]","[""a"", ""e"", ""i""]",139203,0.05,0.8229488134384155,0.1871923804283142,0.6357564330101013,1.2559055089950562,33.81840515136719,"{'epochs': 100, 'batch_size': 512, 'learning_rate': 0.0005, 'patience': 10, 'restore_best_weights': True, 'hidden_dim': 256, 'num_blocks': 3}"
2026-10-07 18:53:26,129c0668-6239-4004-8cd6-dca23bfdfa78,KERAS_GATED_RESNET,2,diameter_log,diameter,"[""a"", ""e"", ""i"", ""H""]","[""a"", ""e"", ""i""]",139203,0.05,0.8185060620307922,0.3007164001464844,0.5177896618843079,1.3420897722244263,4.294912338256836,"{'epochs': 100, 'batch_size': 512, 'learning_rate': 0.0005, 'patience': 10, 'restore_best_weights': True, 'hidden_dim': 256, 'num_blocks': 3}"
2026-10-07 18:53:26,129c0668-6239-4004-8cd6-dca23bfdfa78,KERAS_GATED_RESNET,3,diameter_log,diameter,"[""a"", ""e"", ""i"", ""H""]","[""a"", ""e"", ""i""]",139203,0.05,0.7274338603019714,0.04504954814910889,0.6823843121528625,1.5095053911209106,2.7264764308929443,"{'epochs': 100, 'batch_size': 512, 'learning_rate': 0.0005, 'patience': 10, 'restore_best_weights': True, 'hidden_dim': 256, 'num_blocks': 3}"
2026-10-07 18:53:26,129c0668-6239-4004-8cd6-dca23bfdfa78,KERAS_GATED_RESNET,4,diameter_log,diameter,"[""a"", ""e"", ""i"", ""H""]","[""a"", ""e"", ""i""]",139203,0.05,0.7397459149360657,-0.053191184997558594,0.7929370999336243,17.243587493896484,1.2774692278417221e+22,"{'epochs': 100, 'batch_size': 512, 'learning_rate': 0.0005, 'patience': 10, 'restore_best_weights': True, 'hidden_dim': 256, 'num_blocks': 3}"
2026-10-07 18:53:26,129c0668-6239-4004-8cd6-dca23bfdfa78,KERAS_GATED_RESNET,5,diameter_log,diameter,"[""a"", ""e"", ""i"", ""H""]","[""a"", ""e"", ""i""]",139203,0.05,0.8350985050201416,0.266005277633667,0.5690932273864746,1.129541277885437,2.469834327697754,"{'epochs': 100, 'batch_size': 512, 'learning_rate': 0.0005, 'patience': 10, 'restore_best_weights': True, 'hidden_dim': 256, 'num_blocks': 3}"
