spkid,Asteroid,Engine,Model_UUID,Dataset_Version,Subset,Features_Used,Actual Diameter (km),Pred (km),Error %
20000001,Ceres,rf,84574160-1354-41ab-8f95-f73f52188521,08c22e67,full,a|e|i|H,939.4,633.1614836998294,32.599373674704125
20000001,Ceres,rf,84574160-1354-41ab-8f95-f73f52188521,81c3132c,restricted,a|e|i,939.4,42.78931542754932,95.44503774456575
20000001,Ceres,xgboost,e3cff18c-170f-486e-a480-8d58ec95a8df,08c22e67,full,a|e|i|H,939.4,783.4368167557454,16.602425297450985
20000001,Ceres,xgboost,e3cff18c-170f-486e-a480-8d58ec95a8df,81c3132c,restricted,a|e|i,939.4,4.293921763934878,99.54290805152918
20000001,Ceres,keras_wide_deep,fa166ee9453b,08c22e67,full,a|e|i|H,939.4,885.1293,5.77716920790531
20000001,Ceres,keras_wide_deep,cd20b45f828d,81c3132c,restricted,a|e|i,939.4,4.343388,99.5376423163086
20000001,Ceres,keras_resnet,7cbf5318a87e,08c22e67,full,a|e|i|H,939.4,701.61084,25.3128763206568
20000001,Ceres,keras_resnet,c9ca3b4620b0,81c3132c,restricted,a|e|i,939.4,4.5856323,99.51185519222709
20000001,Ceres,keras_ft_transformer,d7741f3fc5dd,08c22e67,full,a|e|i|H,939.4,250.44102,73.34032097293236
20000001,Ceres,keras_ft_transformer,5540ff131698,81c3132c,restricted,a|e|i,939.4,4.0759997,99.5661060531418
20000001,Ceres,keras_gated_resnet,cde05228fec6,08c22e67,full,a|e|i|H,939.4,340.39645,63.76448223787291
20000001,Ceres,keras_gated_resnet,bff66b27c3b1,81c3132c,restricted,a|e|i,939.4,4.6512814,99.50486679190851
20000002,Pallas,rf,84574160-1354-41ab-8f95-f73f52188521,08c22e67,full,a|e|i|H,513.0,618.2998224918283,20.5262811874909
20000002,Pallas,rf,84574160-1354-41ab-8f95-f73f52188521,81c3132c,restricted,a|e|i,513.0,45.04462764124386,91.21937083016688
20000002,Pallas,xgboost,e3cff18c-170f-486e-a480-8d58ec95a8df,08c22e67,full,a|e|i|H,513.0,477.2444271020433,6.969897251063687
20000002,Pallas,xgboost,e3cff18c-170f-486e-a480-8d58ec95a8df,81c3132c,restricted,a|e|i,513.0,24.51249834890331,95.22173521463874
20000002,Pallas,keras_wide_deep,fa166ee9453b,08c22e67,full,a|e|i|H,513.0,511.10812,0.36878678766142786
20000002,Pallas,keras_wide_deep,cd20b45f828d,81c3132c,restricted,a|e|i,513.0,3.9546843,99.22910638255217
20000002,Pallas,keras_resnet,7cbf5318a87e,08c22e67,full,a|e|i|H,513.0,473.02524,7.792351259822734
20000002,Pallas,keras_resnet,c9ca3b4620b0,81c3132c,restricted,a|e|i,513.0,3.8765695,99.24433342894615
20000002,Pallas,keras_ft_transformer,d7741f3fc5dd,08c22e67,full,a|e|i|H,513.0,217.98666,57.50747293989096
20000002,Pallas,keras_ft_transformer,5540ff131698,81c3132c,restricted,a|e|i,513.0,3.7409227,99.27077530420314
20000002,Pallas,keras_gated_resnet,cde05228fec6,08c22e67,full,a|e|i|H,513.0,361.97842,29.438903689616836
20000002,Pallas,keras_gated_resnet,bff66b27c3b1,81c3132c,restricted,a|e|i,513.0,2.6732848,99.47889185788338
20000003,Juno,rf,84574160-1354-41ab-8f95-f73f52188521,08c22e67,full,a|e|i|H,246.596,231.5595557309255,6.097602665523572
20000003,Juno,rf,84574160-1354-41ab-8f95-f73f52188521,81c3132c,restricted,a|e|i,246.596,19.48205744934045,92.0996052452836
20000003,Juno,xgboost,e3cff18c-170f-486e-a480-8d58ec95a8df,08c22e67,full,a|e|i|H,246.596,229.3098912878035,7.009890149149416
20000003,Juno,xgboost,e3cff18c-170f-486e-a480-8d58ec95a8df,81c3132c,restricted,a|e|i,246.596,4.744895148486206,98.07584261363274
20000003,Juno,keras_wide_deep,fa166ee9453b,08c22e67,full,a|e|i|H,246.596,365.9096,48.38424262096455
20000003,Juno,keras_wide_deep,cd20b45f828d,81c3132c,restricted,a|e|i,246.596,3.9900208,98.38196047301938
20000003,Juno,keras_resnet,7cbf5318a87e,08c22e67,full,a|e|i|H,246.596,302.30386,22.59074093877866
20000003,Juno,keras_resnet,c9ca3b4620b0,81c3132c,restricted,a|e|i,246.596,3.0546153,98.76128758813178
20000003,Juno,keras_ft_transformer,d7741f3fc5dd,08c22e67,full,a|e|i|H,246.596,206.46935,16.27222457267213
20000003,Juno,keras_ft_transformer,5540ff131698,81c3132c,restricted,a|e|i,246.596,3.4316354,98.60839779242517
20000003,Juno,keras_gated_resnet,cde05228fec6,08c22e67,full,a|e|i|H,246.596,212.84093,13.688410548417885
20000003,Juno,keras_gated_resnet,bff66b27c3b1,81c3132c,restricted,a|e|i,246.596,4.4401703,98.19941512105389
20001815,Beethoven,rf,84574160-1354-41ab-8f95-f73f52188521,08c22e67,full,a|e|i|H,30.598,30.527355436074373,0.2308796781672851
20001815,Beethoven,rf,84574160-1354-41ab-8f95-f73f52188521,81c3132c,restricted,a|e|i,30.598,17.425238188771345,43.05105500761048
20001815,Beethoven,xgboost,e3cff18c-170f-486e-a480-8d58ec95a8df,08c22e67,full,a|e|i|H,30.598,28.96709588548452,5.330100380794422
20001815,Beethoven,xgboost,e3cff18c-170f-486e-a480-8d58ec95a8df,81c3132c,restricted,a|e|i,30.598,7.767111411683753,74.61562385880204
20001815,Beethoven,keras_wide_deep,fa166ee9453b,08c22e67,full,a|e|i|H,30.598,26.994713,11.776217956762387
20001815,Beethoven,keras_wide_deep,cd20b45f828d,81c3132c,restricted,a|e|i,30.598,5.836896,80.92392985591219
20001815,Beethoven,keras_resnet,7cbf5318a87e,08c22e67,full,a|e|i|H,30.598,25.624613,16.25396166995379
20001815,Beethoven,keras_resnet,c9ca3b4620b0,81c3132c,restricted,a|e|i,30.598,3.700285,87.90677509024857
20001815,Beethoven,keras_ft_transformer,d7741f3fc5dd,08c22e67,full,a|e|i|H,30.598,28.146421,8.012218339449904
20001815,Beethoven,keras_ft_transformer,5540ff131698,81c3132c,restricted,a|e|i,30.598,5.5872345,81.73987026253248
20001815,Beethoven,keras_gated_resnet,cde05228fec6,08c22e67,full,a|e|i|H,30.598,20.905704,31.67623864863384
20001815,Beethoven,keras_gated_resnet,bff66b27c3b1,81c3132c,restricted,a|e|i,30.598,5.5525208,81.85332128912634
20004864,Nimoy,rf,84574160-1354-41ab-8f95-f73f52188521,08c22e67,full,a|e|i|H,11.874,9.551173116962952,19.56229478724144
20004864,Nimoy,rf,84574160-1354-41ab-8f95-f73f52188521,81c3132c,restricted,a|e|i,11.874,6.589111423269083,44.50807290492604
20004864,Nimoy,xgboost,e3cff18c-170f-486e-a480-8d58ec95a8df,08c22e67,full,a|e|i|H,11.874,8.614609578217053,27.449809851633383
20004864,Nimoy,xgboost,e3cff18c-170f-486e-a480-8d58ec95a8df,81c3132c,restricted,a|e|i,11.874,3.540675920657082,70.18127066989152
20004864,Nimoy,keras_wide_deep,fa166ee9453b,08c22e67,full,a|e|i|H,11.874,8.4490595,28.844033296368877
20004864,Nimoy,keras_wide_deep,cd20b45f828d,81c3132c,restricted,a|e|i,11.874,3.4356065,71.06614047797899
20004864,Nimoy,keras_resnet,7cbf5318a87e,08c22e67,full,a|e|i|H,11.874,5.6046824,52.79869929656289
20004864,Nimoy,keras_resnet,c9ca3b4620b0,81c3132c,restricted,a|e|i,11.874,2.5794246,78.27670018801851
20004864,Nimoy,keras_ft_transformer,d7741f3fc5dd,08c22e67,full,a|e|i|H,11.874,6.262629,47.25762984558692
20004864,Nimoy,keras_ft_transformer,5540ff131698,81c3132c,restricted,a|e|i,11.874,2.9132195,75.46555961003624
20004864,Nimoy,keras_gated_resnet,cde05228fec6,08c22e67,full,a|e|i|H,11.874,5.897273,50.33457079619617
20004864,Nimoy,keras_gated_resnet,bff66b27c3b1,81c3132c,restricted,a|e|i,11.874,3.7845626,68.12731524559511
20012358,Azzurra,rf,84574160-1354-41ab-8f95-f73f52188521,08c22e67,full,a|e|i|H,11.75,9.58185412301826,18.452305336014803
20012358,Azzurra,rf,84574160-1354-41ab-8f95-f73f52188521,81c3132c,restricted,a|e|i,11.75,6.351398679227201,45.94554315551318
20012358,Azzurra,xgboost,e3cff18c-170f-486e-a480-8d58ec95a8df,08c22e67,full,a|e|i|H,11.75,7.70838321944876,34.39673855788289
20012358,Azzurra,xgboost,e3cff18c-170f-486e-a480-8d58ec95a8df,81c3132c,restricted,a|e|i,11.75,4.561219845716085,61.18110769603332
20012358,Azzurra,keras_wide_deep,fa166ee9453b,08c22e67,full,a|e|i|H,11.75,9.148494,22.140478580556017
20012358,Azzurra,keras_wide_deep,cd20b45f828d,81c3132c,restricted,a|e|i,11.75,4.5108137,61.61009605894697
20012358,Azzurra,keras_resnet,7cbf5318a87e,08c22e67,full,a|e|i|H,11.75,6.062785,48.401828522377826
20012358,Azzurra,keras_resnet,c9ca3b4620b0,81c3132c,restricted,a|e|i,11.75,4.1459184,64.71558834644074
20012358,Azzurra,keras_ft_transformer,d7741f3fc5dd,08c22e67,full,a|e|i|H,11.75,6.3923297,45.597194103484455
20012358,Azzurra,keras_ft_transformer,5540ff131698,81c3132c,restricted,a|e|i,11.75,3.9768538,66.15443534039437
20012358,Azzurra,keras_gated_resnet,cde05228fec6,08c22e67,full,a|e|i|H,11.75,6.8151603,41.998635961654344
20012358,Azzurra,keras_gated_resnet,bff66b27c3b1,81c3132c,restricted,a|e|i,11.75,4.6697454,60.257485572327965
20091287,Simon-Garfunkel,rf,84574160-1354-41ab-8f95-f73f52188521,08c22e67,full,a|e|i|H,1.745,2.006942337592775,15.01102221162034
20091287,Simon-Garfunkel,rf,84574160-1354-41ab-8f95-f73f52188521,81c3132c,restricted,a|e|i,1.745,2.165722781391524,24.110188045359536
20091287,Simon-Garfunkel,xgboost,e3cff18c-170f-486e-a480-8d58ec95a8df,08c22e67,full,a|e|i|H,1.745,2.074503772473981,18.88273767759204
20091287,Simon-Garfunkel,xgboost,e3cff18c-170f-486e-a480-8d58ec95a8df,81c3132c,restricted,a|e|i,1.745,2.50934575580784,43.80204904342922
20091287,Simon-Garfunkel,keras_wide_deep,fa166ee9453b,08c22e67,full,a|e|i|H,1.745,3.279794,87.95380961245998
20091287,Simon-Garfunkel,keras_wide_deep,cd20b45f828d,81c3132c,restricted,a|e|i,1.745,3.0743737,76.18187519062555
20091287,Simon-Garfunkel,keras_resnet,7cbf5318a87e,08c22e67,full,a|e|i|H,1.745,2.2073305,26.494582539643112
20091287,Simon-Garfunkel,keras_resnet,c9ca3b4620b0,81c3132c,restricted,a|e|i,1.745,2.8852572,65.34425467679698
20091287,Simon-Garfunkel,keras_ft_transformer,d7741f3fc5dd,08c22e67,full,a|e|i|H,1.745,2.2143514,26.8969292627023
20091287,Simon-Garfunkel,keras_ft_transformer,5540ff131698,81c3132c,restricted,a|e|i,1.745,2.6623724,52.57148141505724
20091287,Simon-Garfunkel,keras_gated_resnet,cde05228fec6,08c22e67,full,a|e|i|H,1.745,2.3523307,34.80405069695502
20091287,Simon-Garfunkel,keras_gated_resnet,bff66b27c3b1,81c3132c,restricted,a|e|i,1.745,3.5897825,105.7181934914138
20001865,Cerberus,rf,84574160-1354-41ab-8f95-f73f52188521,08c22e67,full,a|e|i|H,1.2,1.1662222314669004,2.8148140444249625
20001865,Cerberus,rf,84574160-1354-41ab-8f95-f73f52188521,81c3132c,restricted,a|e|i,1.2,0.9029809720151503,24.751585665404143
20001865,Cerberus,xgboost,e3cff18c-170f-486e-a480-8d58ec95a8df,08c22e67,full,a|e|i|H,1.2,1.2217378180129093,1.8114848344091088
20001865,Cerberus,xgboost,e3cff18c-170f-486e-a480-8d58ec95a8df,81c3132c,restricted,a|e|i,1.2,0.8194927369980266,31.70893858349778
20001865,Cerberus,keras_wide_deep,fa166ee9453b,08c22e67,full,a|e|i|H,1.2,1.0860168,9.498602151870724
20001865,Cerberus,keras_wide_deep,cd20b45f828d,81c3132c,restricted,a|e|i,1.2,0.19211598,83.99033521612486
20001865,Cerberus,keras_resnet,7cbf5318a87e,08c22e67,full,a|e|i|H,1.2,1.3001636,8.346968889236454
20001865,Cerberus,keras_resnet,c9ca3b4620b0,81c3132c,restricted,a|e|i,1.2,0.506246,57.81283577283224
20001865,Cerberus,keras_ft_transformer,d7741f3fc5dd,08c22e67,full,a|e|i|H,1.2,1.0750046,10.4162851969401
20001865,Cerberus,keras_ft_transformer,5540ff131698,81c3132c,restricted,a|e|i,1.2,0.5200289,56.664259235064186
20001865,Cerberus,keras_gated_resnet,cde05228fec6,08c22e67,full,a|e|i|H,1.2,1.8411388,53.42823664347331
20001865,Cerberus,keras_gated_resnet,bff66b27c3b1,81c3132c,restricted,a|e|i,1.2,1.7445426,45.378549893697105
20001915,Quetzalcoatl,rf,84574160-1354-41ab-8f95-f73f52188521,08c22e67,full,a|e|i|H,0.5,0.7285396029777153,45.70792059554305
20001915,Quetzalcoatl,rf,84574160-1354-41ab-8f95-f73f52188521,81c3132c,restricted,a|e|i,0.5,0.7080121833077027,41.60243666154053
20001915,Quetzalcoatl,xgboost,e3cff18c-170f-486e-a480-8d58ec95a8df,08c22e67,full,a|e|i|H,0.5,0.9281377123956338,85.62754247912676
20001915,Quetzalcoatl,xgboost,e3cff18c-170f-486e-a480-8d58ec95a8df,81c3132c,restricted,a|e|i,0.5,0.7413343251727197,48.26686503454394
20001915,Quetzalcoatl,keras_wide_deep,fa166ee9453b,08c22e67,full,a|e|i|H,0.5,1.0601394,112.02788352966309
20001915,Quetzalcoatl,keras_wide_deep,cd20b45f828d,81c3132c,restricted,a|e|i,0.5,1.8657314,273.14627170562744
20001915,Quetzalcoatl,keras_resnet,7cbf5318a87e,08c22e67,full,a|e|i|H,0.5,1.257206,151.44119262695312
20001915,Quetzalcoatl,keras_resnet,c9ca3b4620b0,81c3132c,restricted,a|e|i,0.5,1.4468025,189.36049938201904
20001915,Quetzalcoatl,keras_ft_transformer,d7741f3fc5dd,08c22e67,full,a|e|i|H,0.5,0.9169578,83.39155912399292
20001915,Quetzalcoatl,keras_ft_transformer,5540ff131698,81c3132c,restricted,a|e|i,0.5,1.2447604,148.9520788192749
20001915,Quetzalcoatl,keras_gated_resnet,cde05228fec6,08c22e67,full,a|e|i|H,0.5,1.4002328,180.04655838012695
20001915,Quetzalcoatl,keras_gated_resnet,bff66b27c3b1,81c3132c,restricted,a|e|i,0.5,2.0015006,300.30012130737305
20004660,Nereus,rf,84574160-1354-41ab-8f95-f73f52188521,08c22e67,full,a|e|i|H,0.33,0.4594559339676966,39.22907089930199
20004660,Nereus,rf,84574160-1354-41ab-8f95-f73f52188521,81c3132c,restricted,a|e|i,0.33,0.17231246524696547,47.7841014403135
20004660,Nereus,xgboost,e3cff18c-170f-486e-a480-8d58ec95a8df,08c22e67,full,a|e|i|H,0.33,0.47927723958280827,45.23552714630553
20004660,Nereus,xgboost,e3cff18c-170f-486e-a480-8d58ec95a8df,81c3132c,restricted,a|e|i,0.33,0.1885361284605039,42.86783986045336
20004660,Nereus,keras_wide_deep,fa166ee9453b,08c22e67,full,a|e|i|H,0.33,0.4884628,48.01903204484418
20004660,Nereus,keras_wide_deep,cd20b45f828d,81c3132c,restricted,a|e|i,0.33,0.32492286,1.538527373111614
20004660,Nereus,keras_resnet,7cbf5318a87e,08c22e67,full,a|e|i|H,0.33,0.73417366,122.47686530604507
20004660,Nereus,keras_resnet,c9ca3b4620b0,81c3132c,restricted,a|e|i,0.33,0.26192454,20.628928776943326
20004660,Nereus,keras_ft_transformer,d7741f3fc5dd,08c22e67,full,a|e|i|H,0.33,0.6759516,104.83381820447516
20004660,Nereus,keras_ft_transformer,5540ff131698,81c3132c,restricted,a|e|i,0.33,0.24581726,25.50992152907632
20004660,Nereus,keras_gated_resnet,cde05228fec6,08c22e67,full,a|e|i|H,0.33,0.8301335,151.5556053681807
20004660,Nereus,keras_gated_resnet,bff66b27c3b1,81c3132c,restricted,a|e|i,0.33,1.1755896,256.2392610492128
